{"loss": [0.011758169963991531, 0.010532977015596174, 0.009719946782954226, 0.009291807265248288, 0.009026197025537473, 0.008828850111061963, 0.008652030809127622, 0.008504449570655954, 0.00839589141126349, 0.008288863779038957, 0.008202911170720155, 0.008119938389772024, 0.008037428277294045, 0.007963932976130546, 0.007905168249506747, 0.007862809384603068, 0.007785806125009577, 0.007745881793507255, 0.0076949936613881515, 0.0076730485415923404, 0.007624984447397024, 0.0075757549087942565, 0.007547706213093729, 0.007519569632774658, 0.007479526128700903, 0.007447369122947666, 0.007411370801910003, 0.007384986667582353, 0.00736177913640359, 0.007338795214050502, 0.007306290273817657, 0.007273900857838358, 0.00726777432274438, 0.007225214595016386, 0.007219606863659716, 0.007181715786873265, 0.007180851791761246, 0.0071526297060413345, 0.007125735387772254, 0.007117065209261767, 0.00709182359856585, 0.00707725474533807, 0.00705872739618804, 0.0070318753495297, 0.007043342040310144, 0.007004294766462517, 0.007000133862115755, 0.00698797033845287, 0.006962464703959031, 0.0069487147801679215, 0.006938648099054733, 0.00691998079056799, 0.006915440933700796, 0.00690610528607059, 0.006885083233328236, 0.006880152848723864, 0.006867821936758248, 0.006855970279727405, 0.006844291386667213, 0.0068297121419217625, 0.006825447937015018, 0.006815903866649043, 0.006810204630693802, 0.006810895137936047, 0.006653074172891123, 0.006640846352802579, 0.006636570834210899, 0.0066332220218836965, 0.006630490715127653, 0.006627256034575127, 0.006623761588315196, 0.006620375842745763, 0.006604476026234658, 0.006602772120915336, 0.006602484971776249, 0.006601881147094414, 0.006601564502795972, 0.006601339519656726, 0.006600909579090304, 0.006600736780775135, 0.0066002357876980226, 0.006599649577006786, 0.0065995329815821124, 0.006599072603973668, 0.006598925627601403, 0.0065984543532863205, 0.006598034845557559, 0.0065977376724210566, 0.006595819828171323, 0.006595536079866143, 0.006595462476366717, 0.006595436144293883, 0.006595378483432575, 0.006595369600554782, 0.006595091187130378, 0.006595070592190617, 0.006595063291970223, 0.006595057079972114, 0.006595050511788897, 0.0065950482611330415], "SNR": [11.221386129223914, 11.838603842237372, 12.454185294569264, 12.806258044455657, 13.028255414332806, 13.201977190112741, 13.354595078968622, 13.484650546698619, 13.586608251498044, 13.684474493677728, 13.770485609041272, 13.853460805542348, 13.936012885925935, 14.0055938919315, 14.06867146797065, 14.120651931925394, 14.195387761600058, 14.242190019255757, 14.295669430465166, 14.324351784541333, 14.376297944891432, 14.431222279833468, 14.459950904623968, 14.502424341799205, 14.543239125448498, 14.582980306739056, 14.624945110006362, 14.655893803982114, 14.685295709347882, 14.713259886147688, 14.748071754064295, 14.783055547148557, 14.796646425308106, 14.841792863476577, 14.854541980946188, 14.898831611342823, 14.902202645387831, 14.929422021495009, 14.967426108480629, 14.978060374135444, 15.008012751765099, 15.02805085580505, 15.050043883959088, 15.080372251829868, 15.071704575512742, 15.112972778273488, 15.1234382244274, 15.144022356765669, 15.168441899743176, 15.18436403462037, 15.198361227741279, 15.220284613562985, 15.232320817665443, 15.242896918016356, 15.265075100158958, 15.273575002118104, 15.290895178205671, 15.303245086693732, 15.319248919009318, 15.335209412070302, 15.343849022703688, 15.358447768940435, 15.364559561184686, 15.373582512583605, 15.550134456729364, 15.564344857915389, 15.570422296356389, 15.573130786474719, 15.576857387368518, 15.580623926710143, 15.58406932790731, 15.587981972078818, 15.608997239613153, 15.609921389013998, 15.610378473516583, 15.610899850529265, 15.611913290552575, 15.612044015461978, 15.611833471097622, 15.612951432357752, 15.613207915986749, 15.613784131107947, 15.614088375933223, 15.613919791849895, 15.615931655271089, 15.614543782254728, 15.616041420079736, 15.61630665860364, 15.617756400013596, 15.61893858483514, 15.618724531826288, 15.6189884486189, 15.619097464317512, 15.618638099647395, 15.618837316091035, 15.618978349175151, 15.619073988929271, 15.619258058191425, 15.619163726081242, 15.61922551114118], "val_loss": [0.009912846739512529, 0.009063553173194499, 0.008694641972913909, 0.008371266440843832, 0.008075131547012379, 0.008020300675785533, 0.007953098908123894, 0.007938867843005668, 0.007739266198147182, 0.007657869828826014, 0.007534440229475672, 0.007509233539761949, 0.007580194753811209, 0.007373873820034277, 0.007365028188913407, 0.007339796485146323, 0.00733378987906649, 0.007293060796591016, 0.00722733916800013, 0.007190022398849481, 0.00717873730815216, 0.007125250346361566, 0.007267614396368305, 0.007182356350580061, 0.007058794451574505, 0.00702372007416815, 0.007002325196615235, 0.006963970308965262, 0.006974596002096539, 0.006961216366805749, 0.0070209502901648424, 0.006880946455908118, 0.006928258831298713, 0.0069923236532862445, 0.006820176497394408, 0.0068611581260533015, 0.006858583552040174, 0.006792784537711146, 0.0067559280922930495, 0.006849451371362934, 0.0069913422638100626, 0.006829671371069039, 0.0067742931260216235, 0.006701992213316173, 0.006763014773188193, 0.0066769084260380005, 0.006704147886883894, 0.00668594726225614, 0.006714758795977459, 0.00674576594175796, 0.006635993547787847, 0.006735612975009312, 0.0066354421170118525, 0.006662824281428036, 0.006661389917563829, 0.006617892247197829, 0.006696920562116787, 0.006592179403493279, 0.006621814776518395, 0.006729245791421094, 0.006663355767097313, 0.006613465847609591, 0.0066658994292555125, 0.006640147137845069, 0.006499719842716646, 0.006476789936191764, 0.006486898409441622, 0.006491894183591249, 0.006483898449963054, 0.006487595738635685, 0.006485341131195517, 0.006497258843257491, 0.006476416021878088, 0.006473582558293478, 0.006471968657679262, 0.006470973778927895, 0.0064768909420783605, 0.006474492923400683, 0.006476451152025731, 0.006473694738573071, 0.006470880507132153, 0.006469067962753003, 0.006482445613964624, 0.006473242591315754, 0.00647528439240973, 0.00646886303114437, 0.006470662852908349, 0.006472569359261991, 0.006470029299112697, 0.006469452686911299, 0.006470589690019776, 0.006471227488464005, 0.0064717780333628135, 0.006471952492052468, 0.006471146472513723, 0.0064711504597615875, 0.006471088337639327, 0.006470783833090164, 0.006471317243845816, 0.006471381056930646],